Client Order ID,Instrument,Side,Quantity,Price


/*
Client Order Data
aa13,Rose,2,100,55.00

aa13,Rose,2,100,55.00
aa14,Rose,2,100,45.00
aa15,Rose,1,100,35.00

aa13,Rose,2,100,55.00
aa14,Rose,2,100,45.00
aa15,Rose,1,100,45.00

aa13,Rose,1,100,55.00
aa14,Rose,1,100,65.00
aa15,Rose,2,300,1.00

aa13,Rose,1,100,55.00
aa14,Rose,1,100,65.00
aa15,Rose,2,300,1.00
aa16,Rose,1,100,2.00

aa13,Rose,1,100,55.00
aa14,Rose,1,100,65.00
aa15,Rose,2,300,1.00
aa16,Rose,1,100,2.00

aa13,,1,100,55.00
aa14,Rose,3,100,65.00
aa15,Lavender,2,101,1.00
aa16,Tulip,1,100,-1.00
aa17,Orchid,1,1000,-1.00
*/